id,title,publisher,url,category,status,accessed
dd-problem,DrivenData #306 DOE GEMS - Problem description,DrivenData (competition host),https://www.drivendata.org/competitions/306/competition-doe-gems/page/967/,competition,"read-in-full (agent, one-off human-style read before the no-automation decision)",2026-10-02
dd-about,DrivenData #306 - About,DrivenData,https://www.drivendata.org/competitions/306/competition-doe-gems/page/968/,competition,"read-in-full (agent, one-off)",2026-10-02
dd-terms,DrivenData Terms of Use,DrivenData,https://www.drivendata.org/termsofuse/,compliance,quotes verified,2026-10-02
rules,"Official Rules (NLR/DOE), Sept 2026",NLR / U.S. DOE (docs.nlr.gov),https://docs.nlr.gov/docs/fy26osti/96647.pdf,competition,partially read (chunks 0-4 of 7),2026-10-02
berkowitz,"Berkowitz, Bour, Davy & Odling (2000) Scaling of fracture connectivity in geological formations. GRL 27(14), 2061-2064",AGU / Wiley,https://agupubs.onlinelibrary.wiley.com/doi/10.1029/1999GL011241,literature,abstract verified on publisher page; full text read via a ResearchGate copy,2026-10-02
faulds-hinz-2015,"Faulds & Hinz (2015) Favorable tectonic and structural settings of geothermal systems in the Great Basin Region, Western USA. Proc. World Geothermal Congress",OSTI / NBMG,https://www.osti.gov/servlets/purl/1724082,literature,read (abstract + regional setting),2026-10-02
biasi-wesnousky-2016,"Biasi & Wesnousky (2016) Steps and gaps in ground ruptures: empirical bounds on rupture propagation. BSSA 106, 1110-1124",Seismological Society of America,https://www.researchgate.net/publication/303511063_Steps_and_Gaps_in_Ground_Ruptures_Empirical_Bounds_on_Rupture_Propagation,literature,secondary quote only (article text on ResearchGate; primary paper by Wesnousky 2006 not read),2026-10-02
siler-2022,Siler (2022) Shapefile for slip tendency and dilation tendency calculated for Quaternary faults in the Great Basin,USGS ScienceBase data release,https://www.sciencebase.gov/catalog/item/6296974dd34ec53d276bb33d,candidate-external-data,listing verified (item page + JSON); files NOT downloaded (host unreachable from the sandbox),2026-10-02
geodawn,Glen & Earney (2024) GeoDAWN airborne geophysics (USGS EarthMRI),USGS ScienceBase,https://www.sciencebase.gov/catalog/item/657e1d85d34e23d3533209f7,data,carried from the sibling record; not re-read this session,2026-10-02
ingenious,Ayling et al. (2022) INGENIOUS Great Basin regional dataset compilation (GDR submission 1391),Geothermal Data Repository (OpenEI),https://gdr.openei.org/submissions/1391,data,named in the Official Rules; page not reachable from the sandbox,2026-10-02
nbmg-qfaults,NBMG Qfaults_INGENIOUS ArcGIS REST layer 0,Nevada Bureau of Mines and Geology,https://web2.nbmg.unr.edu/arcgis/rest/services/Qfaults/Qfaults_INGENIOUS/MapServer/0,candidate-external-data,"VERIFIED QUERYABLE from a GitHub runner on 2026-10-02 (layer 'Qfaults [INGENIOUS 6-27-2023]', esriGeometryPolyline, 22,956 records, maxRecordCount 25,000); not downloaded into this repo",2026-10-02
sibling24,Owner's sibling repository GEMSDOE24 (pinned 07345ea),buffedlizard55-lab,https://github.com/buffedlizard55-lab/GEMSDOE24/tree/07345ea0604953d7efb858d9cfbc21e20c7aca0b,owner-repo,read and hash-verified,2026-10-02
hermant-2025,Hermant et al. (2025) Stanford Geothermal Workshop paper (cited by the competition),Stanford Geothermal Program,https://pangea.stanford.edu/ERE/db/GeoConf/papers/SGW/2025/Hermant.pdf,literature,NOT read (cited by the About page only),2026-10-02
usgs-qfaults,USGS Quaternary Fault and Fold Database of the United States (interactive map; GIS download),U.S. Geological Survey (public domain),https://www.usgs.gov/programs/earthquake-hazards/faults,candidate-external-data,"page verified; direct zip VERIFIED OBTAINABLE from a GitHub runner on 2026-10-02 (HTTP 206, application/zip, zip magic PK, 32,371,696 bytes, Last-Modified 2026-02-23); not downloaded into this repo",2026-10-02
siler-companions,"Companion USGS data releases for the Great Basin (related items on the Siler 2022 ScienceBase page): regional geophysical maps, electrical conductance maps, heat-flow maps",USGS ScienceBase,https://www.sciencebase.gov/catalog/item/6296974dd34ec53d276bb33d,candidate-external-data,"listed as related items on the verified Siler page (item ids 628d4fabd34ef70cdba3c4a4, 62979746d34ec53d276c113b, 6297d2fad34ec53d276c5b28); NOT opened or evaluated",2026-10-02
